date,num_comments,score,awards,upvote_ratio,allow_comments,flairs
1589840762.0,2339,162,0,0.98,True,Coronavirus
1590080801.0,62,218,0,0.99,False,Non-Political
1590560246.0,114,3061,0,0.97,True,Non-Political
1590543976.0,152,1466,0,0.9,True,Coronavirus
1590552614.0,92,699,1,0.94,False,AskIndia
1590566845.0,45,242,0,0.97,False,Coronavirus
1590557403.0,76,347,0,0.96,False,Politics
1590576220.0,15,132,0,0.97,False,Non-Political
1590567583.0,80,192,0,0.94,False,Non-Political
1590574101.0,19,137,0,0.96,True,Non-Political
1590577838.0,8,96,0,1.0,False,Coronavirus
1590576801.0,7,93,0,0.96,True,Non-Political
1590577192.0,38,86,0,0.89,False,Coronavirus
1590582681.0,11,66,0,0.88,True,Politics
1590577060.0,9,82,0,0.89,True,Politics
1590574295.0,11,92,0,0.95,True,Non-Political
1590593857.0,2,31,0,0.92,True,Politics
1590551598.0,119,244,0,0.86,False,Politics
1590550998.0,82,228,0,0.84,False,Politics
1590563898.0,12,116,0,0.88,True,Policy/Economy
1590571937.0,4,75,0,0.97,False,Coronavirus
1590567398.0,13,94,0,0.97,False,Non-Political
1590584603.0,6,38,0,0.91,True,Politics
1590566232.0,7,96,0,0.95,True,Coronavirus
1590588727.0,3,29,0,0.91,False,Coronavirus
1590559881.0,3,116,0,0.94,False,Coronavirus
1590584017.0,2,37,0,0.98,False,Coronavirus
1590570054.0,27,65,0,0.93,False,Coronavirus
1590580460.0,48,39,0,0.86,True,AskIndia
1590592592.0,1,18,0,1.0,False,Coronavirus
1590576693.0,1,39,0,0.93,False,Politics
1590563845.0,26,77,0,0.94,False,Coronavirus
1590586244.0,7,25,0,0.96,False,Politics
1590566003.0,1,69,0,0.81,True,Politics
1590579796.0,1,32,0,0.93,False,Non-Political
1590570055.0,1,50,0,0.93,False,Coronavirus
1590569971.0,9,54,0,0.89,True,Politics
1590557420.0,15,96,0,0.95,False,Politics
1590566686.0,2,63,0,0.91,True,Coronavirus
1590573309.0,20,39,0,0.93,False,AskIndia
1590555317.0,13,98,0,0.95,True,Non-Political
1590576601.0,4,35,0,0.95,False,Coronavirus
1590593628.0,0,13,0,0.88,False,Policy/Economy
1590587127.0,2,18,0,0.83,True,Politics
1590579711.0,2,25,0,0.83,False,Non-Political
1590552026.0,66,106,0,0.83,False,AskIndia
1590587740.0,7,17,0,0.84,False,Food
1590572313.0,6,35,0,0.85,False,Coronavirus
1590551445.0,15,99,0,0.96,False,Non-Political
1590567933.0,6,38,0,0.93,False,AskIndia
1590556799.0,18,71,0,0.83,False,Politics
1590586873.0,2,15,0,0.9,False,Non-Political
1590579012.0,6,23,0,1.0,False,Non-Political
1590584792.0,2,16,0,0.83,False,Coronavirus
1590575168.0,1,26,0,0.97,True,Coronavirus
1590593553.0,2,12,0,0.84,False,Politics
1590588292.0,14,12,0,0.75,True,Science/Technology
1590593312.0,5,11,0,0.92,False,Photography
1590551052.0,81,87,0,0.85,False,Politics
1590548297.0,13,93,0,0.94,False,Politics
1590576224.0,7,24,0,0.84,False,Non-Political
1590569942.0,4,30,0,0.86,True,Politics
1590591290.0,6,10,0,1.0,False,AskIndia
1590580584.0,1,16,0,0.84,False,Non-Political
1590513909.0,72,512,0,0.95,False,Politics
1590563381.0,1,43,0,0.9,False,Policy/Economy
1590565221.0,2,36,0,0.97,False,Non-Political
1590596770.0,1,7,0,1.0,False,Politics
1590593673.0,3,8,0,1.0,True,Politics
1590569666.0,3,28,0,0.95,False,Coronavirus
1590583900.0,0,14,0,0.79,False,Politics
1590548564.0,27,80,0,0.94,False,Politics
1590579675.0,2,14,0,0.9,False,Coronavirus
1590582422.0,17,14,0,0.8,False,Coronavirus
1590582245.0,0,15,0,1.0,False,Photography
1590566466.0,1,29,0,0.82,False,Politics
1590596419.0,2,6,0,1.0,False,Science/Technology
1590595752.0,4,6,0,0.8,True,Politics
1590554463.0,18,53,0,0.81,False,AskIndia
1590575002.0,3,17,0,0.85,False,AskIndia
1590575241.0,0,18,0,0.94,False,Politics
1590579091.0,1,13,0,1.0,False,Non-Political
1590571545.0,1,21,0,1.0,True,Non-Political
1590580453.0,9,12,0,1.0,True,AskIndia
1590590892.0,6,7,0,1.0,True,AskIndia
1590574334.0,1,17,0,1.0,False,Non-Political
1590516480.0,54,321,0,0.95,True,Politics
1590596441.0,1,5,0,1.0,False,Policy/Economy
1590539400.0,2,84,0,0.93,True,Non-Political
1590515011.0,34,299,0,0.98,False,AskIndia
1590579522.0,1,11,0,0.87,False,Coronavirus
1590594318.0,11,6,0,1.0,False,Scheduled
1590580720.0,3,11,0,0.92,False,AskIndia
1590598260.0,0,4,0,1.0,False,Science/Technology
1590589906.0,1,6,0,1.0,False,AskIndia
1590593280.0,1,5,0,1.0,False,Coronavirus
1590570315.0,6,17,0,0.84,True,Non-Political
1590578719.0,1,11,0,0.87,False,Non-Political
1590576563.0,0,12,0,0.93,False,Politics
1590509246.0,77,335,0,0.97,True,Coronavirus
1590577434.0,1,10,0,0.86,False,Non-Political
1590581674.0,1,8,0,0.9,False,Non-Political
1590586962.0,1,7,0,0.89,False,AskIndia
1590558277.0,6,26,0,0.72,False,Politics
1590562098.0,2,23,0,0.92,False,Non-Political
1590599958.0,1,4,0,1.0,True,Politics
1590593687.0,10,4,0,0.75,False,Coronavirus
1590599123.0,1,3,0,1.0,False,Coronavirus
1590588271.0,0,4,0,0.84,False,Politics
1590574653.0,0,11,0,1.0,False,Coronavirus
1590487612.0,40,866,2,0.98,False,Coronavirus
1590592134.0,1,5,0,0.85,False,Non-Political
1590586376.0,1,5,0,1.0,False,AskIndia
1590532243.0,2,70,0,0.95,False,Non-Political
1590583086.0,6,4,0,0.75,False,AskIndia
1590564221.0,3,13,0,0.88,False,AskIndia
1590501779.0,120,321,0,0.97,True,Science/Technology
1590600455.0,7,2,0,1.0,False,AskIndia
1590548827.0,8,25,0,0.86,True,Coronavirus
1590598598.0,4,2,0,0.75,False,AskIndia
1590513079.0,23,162,0,0.95,True,Non-Political
1590580157.0,6,5,0,1.0,False,Non-Political
1590558920.0,1,13,0,0.82,False,Coronavirus
1590596826.0,2,2,0,0.67,False,Non-Political
1590505699.0,15,207,0,0.97,False,Science/Technology
1590460511.0,314,2174,0,0.96,True,Non-Political
1590512369.0,13,143,0,0.95,True,Coronavirus
1590503872.0,77,215,1,0.88,True,Coronavirus
1590567384.0,13,9,0,0.91,False,AskIndia
1590486943.0,124,476,0,0.97,False,Non-Political
1590563380.0,4,9,0,0.91,False,AskIndia
1590489033.0,104,408,0,0.85,True,Politics
1590558741.0,0,12,0,0.87,False,Politics
1590506638.0,30,160,0,0.99,False,Coronavirus
1590583641.0,9,3,0,0.67,False,AskIndia
1590506097.0,5,143,0,0.95,True,Politics
1590538542.0,1,27,0,0.97,False,Coronavirus
1590562198.0,1,8,0,0.79,False,Non-Political
1590561596.0,4,7,0,0.77,False,Policy/Economy
1590567201.0,0,6,0,0.88,False,AskIndia
1590553249.0,2,13,0,0.88,False,Policy/Economy
1590588121.0,10,2,0,1.0,False,AskIndia
1590574404.0,0,4,0,0.84,False,Non-Political
1590601441.0,0,1,0,1.0,False,Coronavirus
1590600485.0,0,1,0,1.0,False,Non-Political
1590578589.0,0,5,0,0.72,False,AskIndia
1590599794.0,2,1,0,1.0,False,Coronavirus
1590599698.0,14,0,0,0.5,True,AskIndia
1590599545.0,0,1,0,1.0,False,Policy/Economy
1590572340.0,5,5,0,0.73,False,Coronavirus
1590513911.0,14,77,0,0.97,True,Policy/Economy
1590598793.0,0,1,0,1.0,False,AskIndia
1590598214.0,0,1,0,0.67,False,Politics
1590557223.0,0,7,0,0.69,False,Business/Finance
1590518334.0,7,59,0,0.97,False,Coronavirus
1590565714.0,0,6,0,0.8,False,Coronavirus
1590516132.0,14,63,0,0.94,False,Non-Political
1590574380.0,0,3,0,0.8,False,Science/Technology
1590505992.0,12,105,0,0.97,True,Business/Finance
1590594597.0,0,1,0,0.67,False,Politics
1590553677.0,2,8,0,0.84,False,AskIndia
1590523917.0,15,39,0,0.87,True,Coronavirus
1590593946.0,1,0,0,0.33,False,Politics
1590593821.0,0,0,0,0.5,False,Non-Political
1590572342.0,3,3,0,0.8,False,Coronavirus
1590505239.0,1,91,0,0.95,False,Coronavirus
1590485055.0,49,256,0,0.95,False,Business/Finance
1590492744.0,81,162,0,0.93,True,Politics
1590465251.0,37,648,0,0.99,False,Non-Political
1590569889.0,10,3,0,1.0,False,AskIndia
1590591317.0,0,0,0,0.5,False,Politics
1590473283.0,65,420,0,0.97,True,Coronavirus
1590548753.0,6,9,0,0.85,False,Policy/Economy
1590477184.0,20,304,0,0.89,False,Food
1590507627.0,9,62,0,0.89,True,Policy/Economy
1590515838.0,0,43,0,0.93,False,Non-Political
1590507899.0,2,57,0,0.94,False,Politics
1590496514.0,56,107,0,0.76,True,Non-Political
1590468077.0,342,444,0,0.88,True,AskIndia
1590497580.0,21,96,0,0.91,False,Politics
1590525046.0,3,23,0,0.92,True,Politics
1590505838.0,6,63,0,0.95,True,Politics
1590484067.0,43,179,0,0.97,True,Non-Political
1590470987.0,73,357,0,0.91,True,Non-Political
1590563445.0,5,4,0,0.75,False,Non-Political
1590487196.0,17,145,0,0.94,True,Politics
1590512949.0,1,38,0,0.97,True,Politics
1590518365.0,0,29,0,0.93,False,Non-Political
1590504119.0,0,60,0,0.91,False,Coronavirus
1590493177.0,33,103,0,0.92,False,Politics
1590523162.0,15,23,0,0.81,False,AskIndia
1590511456.0,12,35,0,0.84,True,AskIndia
1590502113.0,13,56,0,0.91,True,Coronavirus
1590508544.0,2,42,0,0.87,False,CAA-NRC-NPR
1590490910.0,31,111,0,0.96,False,Politics
1590508724.0,2,41,0,0.92,False,Politics
1590580461.0,1,1,0,1.0,False,AskIndia
1590493617.0,6,85,0,0.92,True,Politics
1590566083.0,0,2,0,0.75,False,AskIndia
1590578947.0,0,1,0,0.6,False,Coronavirus
1590492145.0,14,88,0,0.93,False,Politics
1590555737.0,13,4,0,0.7,False,AskIndia
1590549902.0,2,2,0,0.63,True,Policy/Economy
1590549658.0,1,6,0,0.8,False,Policy/Economy
1590522479.0,3,15,0,0.99,False,Politics
1590561096.0,3,0,0,0.5,False,Politics
1590503023.0,2,41,0,0.89,False,Coronavirus
1590472688.0,32,187,0,0.98,False,Business/Finance
1590466929.0,39,250,0,0.9,False,Politics
1590574464.0,1,0,0,0.45,False,Politics
1590560907.0,0,2,0,0.63,False,Non-Political
1590560360.0,8,2,0,0.63,True,Non-Political
1590514815.0,18,21,0,0.73,False,Non-Political
1590494630.0,44,53,0,0.79,True,Politics
1590522792.0,2,12,0,0.84,True,Coronavirus
1590499474.0,4,40,0,0.91,False,Non-Political
1590520669.0,6,14,0,0.8,True,Coronavirus
1590523253.0,11,13,0,0.85,False,Coronavirus
1590490984.0,8,63,0,0.87,False,Politics
1590497494.0,8,45,0,0.92,False,Non-Political
1590549469.0,0,3,0,0.8,False,Coronavirus
1590492580.0,8,53,0,0.91,False,Non-Political
1590466171.0,37,217,1,0.87,True,Coronavirus
1590502819.0,2,35,0,0.76,False,Coronavirus
1590485424.0,4,80,0,0.93,False,Coronavirus
1590543008.0,2,2,0,0.63,False,Scheduled
1590474121.0,12,140,0,0.96,True,Coronavirus
1590508823.0,10,22,0,0.77,False,Policy/Economy
1590471829.0,20,149,0,0.87,True,Politics
1590504675.0,2,28,0,0.96,False,Coronavirus
1590508472.0,6,22,0,0.93,True,Non-Political
1590546069.0,5,7,0,0.73,False,Non-Political
1590532359.0,2,7,0,0.82,False,Politics
1590467750.0,5,168,0,0.88,False,CAA-NRC-NPR
1590593112.0,25,0,0,0.41,False,AskIndia
1590517421.0,3,10,0,0.86,False,Policy/Economy
1590462512.0,13,199,0,0.98,True,Non-Political
1590513764.0,4,14,0,0.83,False,Politics
1590487917.0,5,58,0,0.93,False,Politics
1590486543.0,16,56,0,0.93,True,Politics
1590532927.0,0,7,0,0.89,True,Non-Political
1590507459.0,5,18,0,0.94,False,Science/Technology
1590488585.0,4,49,0,0.93,False,Business/Finance
1590455894.0,35,250,0,0.93,True,Policy/Economy
1590563044.0,6,1,0,0.57,False,Non-Political
1590562328.0,14,0,0,0.5,True,Politics
1590501581.0,2,21,0,0.97,False,Non-Political
1590522588.0,0,8,0,0.89,True,Coronavirus
1590494215.0,3,30,0,0.95,True,Coronavirus
1590418727.0,112,1481,0,0.84,False,Non-Political
1590538376.0,3,3,0,0.67,False,AskIndia
1590532153.0,1,3,0,0.67,False,Coronavirus
1590502012.0,6,19,0,0.85,False,AskIndia
1590557615.0,5,1,0,0.67,False,Science/Technology
1590543277.0,6,2,0,0.6,False,Coronavirus
1590465323.0,14,106,0,0.96,False,Politics
1590508705.0,20,12,0,0.65,True,AskIndia
1590500135.0,2,17,0,0.86,False,Politics
1590488201.0,2,30,0,0.98,False,Non-Political
1590491483.0,1,29,0,0.84,False,Coronavirus
1590476479.0,16,56,0,0.83,False,Politics
1590516880.0,4,9,0,0.99,False,Non-Political
1590466322.0,22,94,0,0.92,True,AskIndia
1590483773.0,1,41,0,0.88,False,Coronavirus
1590459857.0,36,134,0,0.92,False,Politics
1590554582.0,6,0,0,0.5,False,AskIndia
1590505502.0,4,12,0,0.99,False,Coronavirus
1590554012.0,0,0,0,0.5,False,Coronavirus
1590553694.0,1,1,0,0.54,False,Food
1590494144.0,3,21,0,1.0,True,Non-Political
1590501871.0,0,14,0,0.9,False,Coronavirus
1590553322.0,3,0,0,0.5,False,Politics
1590553042.0,9,1,0,0.67,False,Business/Finance
1590508001.0,11,10,0,0.76,False,Coronavirus
1590552402.0,14,0,0,0.5,False,AskIndia
1590459935.0,20,113,0,0.84,True,Non-Political
1590477369.0,2,48,0,0.93,False,Business/Finance
1590551102.0,2,0,0,0.5,False,Scheduled
1590550225.0,4,0,0,0.33,True,AskIndia
1590522716.0,2,2,0,0.63,False,Food
1590508960.0,12,9,0,0.65,True,Non-Political
1590510975.0,6,9,0,0.99,False,AskIndia
1590593539.0,7,0,0,0.14,False,AskIndia
1590548195.0,4,1,0,0.57,False,Coronavirus
1590512889.0,5,4,0,0.7,False,Science/Technology
1590511805.0,5,5,0,0.73,False,AskIndia
1590476002.0,5,39,0,0.85,False,Coronavirus
1590463578.0,14,71,0,0.85,False,Politics
1590497655.0,7,14,0,0.7,False,Coronavirus
1590488395.0,16,23,0,0.87,True,Politics
1590500739.0,1,9,0,0.77,False,Politics
1590502096.0,0,9,0,0.8,False,Non-Political
1590501011.0,10,9,0,0.74,False,Coronavirus
1590467447.0,3,49,0,0.85,False,Business/Finance
1590492037.0,1,17,0,0.85,False,Non-Political
1590497707.0,0,13,0,0.78,False,AskIndia
1590494069.0,12,14,0,0.66,True,Politics
1590500986.0,5,8,0,0.85,False,AskIndia
1590503239.0,5,7,0,0.73,False,Coronavirus
1590483299.0,22,19,0,0.95,True,AskIndia
1590502480.0,0,7,0,0.89,True,Non-Political
1590553487.0,7,0,0,0.43,False,AskIndia
1590501647.0,1,7,0,0.89,True,Non-Political
1590427885.0,20,305,0,0.91,False,Food
1590551944.0,4,0,0,0.45,False,AskIndia
1590551916.0,2,0,0,0.33,True,AskIndia
1590465688.0,19,41,0,0.98,False,AskIndia
1590537456.0,0,1,0,0.57,False,Non-Political
1590465447.0,2,41,0,0.77,False,Politics
1590509154.0,0,2,0,0.6,False,Non-Political
1590504349.0,0,5,0,0.86,False,Non-Political
1590508468.0,18,5,0,0.65,True,AskIndia
1590514068.0,0,3,0,0.71,False,AskIndia
1590507909.0,6,3,0,0.8,False,Scheduled
1590480738.0,0,18,0,0.92,False,Business/Finance
1590465242.0,1,34,0,0.96,False,Coronavirus
1590438281.0,11,145,0,0.95,True,Non-Political
1590489332.0,28,11,0,0.82,True,AskIndia
1590495304.0,2,7,0,0.99,False,AskIndia
1590470712.0,3,23,0,0.88,False,Coronavirus
1590497453.0,6,5,0,0.62,False,AskIndia
1590518665.0,2,2,0,0.75,False,AskIndia
1590430681.0,31,183,0,0.78,False,Coronavirus
1590484959.0,0,11,0,1.0,False,Policy/Economy
1590470246.0,9,23,0,0.96,False,AskIndia
1590479924.0,1,14,0,0.95,False,Non-Political
1590486404.0,0,11,0,1.0,False,Coronavirus
1590496091.0,9,8,0,0.9,False,Business/Finance
1590495824.0,0,9,0,0.91,False,AskIndia
1590481029.0,4,11,0,0.84,False,AskIndia
1590414738.0,101,364,0,0.89,True,Politics
1590434883.0,9,122,0,0.96,True,Non-Political
1590425261.0,14,195,0,0.91,True,Politics
1590526932.0,2,0,0,0.5,False,AskIndia
1590526725.0,4,0,0,0.4,False,AskIndia
1590526472.0,0,1,0,0.67,False,Science/Technology
1590494954.0,13,5,0,0.86,False,AskIndia
1590477420.0,7,12,0,0.93,False,Coronavirus
1590498846.0,3,5,0,0.86,False,Non-Political
1590511534.0,9,3,0,0.71,False,Science/Technology
1590511396.0,0,2,0,0.66,False,Coronavirus
1590556255.0,3,0,0,0.25,False,AskIndia
1590438625.0,14,88,0,0.9,False,Coronavirus
1590484070.0,0,9,0,0.92,True,Coronavirus
1590555152.0,2,0,0,0.25,False,AskIndia
1590509474.0,0,2,0,0.75,False,AskIndia
1590469853.0,2,15,0,0.83,False,Non-Political
1590376667.0,172,1767,0,0.96,True,Coronavirus
1590520893.0,20,0,0,0.5,False,AskIndia
1590488542.0,3,5,0,0.73,False,AskIndia
1590519417.0,2,1,0,0.57,True,Politics
1590436947.0,2,72,0,0.87,False,Non-Political
1590382011.0,169,1149,2,0.91,True,Non-Political
1590425473.0,2,123,0,0.94,False,Politics
1590504920.0,1,2,0,1.0,False,Non-Political
1590469869.0,1,12,0,1.0,False,Coronavirus
1590531938.0,7,0,0,0.44,True,AskIndia
1590409799.0,21,264,0,0.96,False,Coronavirus
1590406202.0,81,308,0,0.9,True,Politics
1590434898.0,14,74,0,0.98,False,Non-Political
1590421770.0,34,136,0,0.85,False,Food
1590470844.0,0,12,0,0.93,False,Non-Political
1590409130.0,43,248,0,0.97,False,Coronavirus
1590401387.0,22,360,0,0.94,False,Politics
1590407280.0,15,256,0,0.97,True,Non-Political
1590493640.0,1,2,0,0.67,False,AskIndia
1590467026.0,3,13,0,0.93,True,Non-Political
1590513467.0,3,1,0,0.55,True,Science/Technology
1590432299.0,2,60,0,0.95,False,Sports
1590386615.0,33,649,0,0.93,False,Photography
1590462496.0,4,12,0,0.88,False,Non-Political
1590473580.0,1,7,0,1.0,False,Coronavirus
1590417028.0,17,128,0,0.88,False,Policy/Economy
1590430412.0,3,63,0,0.95,False,Politics
1590483866.0,1,5,0,1.0,False,Coronavirus
1590510841.0,0,1,0,0.66,True,AskIndia
1590464578.0,10,13,0,0.84,True,Policy/Economy
1590471126.0,0,7,0,0.77,False,Politics
1590401607.0,26,249,0,0.95,True,Politics
1590495464.0,4,3,0,0.57,False,Politics
1590416483.0,7,118,0,0.92,True,Politics
1590413417.0,13,127,0,0.94,False,Coronavirus
1590460884.0,3,10,0,0.86,False,Coronavirus
1590494125.0,1,1,0,0.57,False,AskIndia
1590506760.0,12,1,0,0.6,True,Non-Political
1590475199.0,1,6,0,1.0,False,Photography
1590467999.0,0,8,0,0.78,False,Politics
1590425631.0,4,63,0,0.93,True,Non-Political
1590436459.0,12,34,0,0.9,False,AskIndia
1590434726.0,2,37,0,0.95,False,Non-Political
1590436891.0,2,32,0,0.97,False,Non-Political
1590412222.0,17,113,0,0.98,False,Politics
1590435457.0,6,32,0,0.84,True,Politics
1590425214.0,1,60,0,0.94,False,Politics
1590392890.0,129,303,0,0.95,True,Non-Political
1590503780.0,6,0,0,0.5,False,Politics
1590420076.0,6,72,0,0.92,False,Photography
1590502810.0,1,0,0,0.5,False,AskIndia
1590373261.0,103,760,0,0.99,True,Non-Political
1590393257.0,25,276,0,0.97,False,Coronavirus
1590470901.0,5,4,0,0.6,True,Politics
1590480614.0,2,5,0,0.69,True,Non-Political
1590377235.0,24,595,0,0.97,True,Non-Political
1590479828.0,9,4,0,0.75,False,Science/Technology
1590386504.0,44,348,0,0.87,False,Politics
1590462521.0,4,8,0,0.9,False,AskIndia
1590391050.0,11,271,0,0.97,False,Non-Political
1590486798.0,0,2,0,0.75,False,Coronavirus
1590427984.0,8,42,0,0.91,False,Coronavirus
1590409126.0,12,105,0,0.97,False,Politics
1590397515.0,39,192,0,0.87,True,Politics
1590434644.0,12,26,0,0.85,True,Politics
1590455864.0,17,8,0,0.66,True,AskIndia
1590467062.0,1,5,0,0.86,False,AskIndia
1590463181.0,0,6,0,0.67,False,Non-Political
1590497837.0,6,0,0,0.5,True,Politics
1590404480.0,29,118,0,0.95,False,Non-Political
1590407157.0,5,104,0,0.92,True,Non-Political
1590497282.0,1,2,0,0.75,False,Politics
1590496894.0,12,1,0,0.54,True,AskIndia
1590414594.0,22,66,0,0.89,False,AskIndia
1590425657.0,7,42,0,0.87,True,Non-Political
1590509702.0,8,0,0,0.41,True,Politics
1590419338.0,6,48,0,0.86,True,Coronavirus
1590429658.0,21,29,0,0.84,True,AskIndia
1590438706.0,5,19,0,0.92,False,Coronavirus
1590493947.0,8,1,0,0.6,True,AskIndia
1590466722.0,6,4,0,0.75,False,AskIndia
1590429704.0,2,30,0,0.97,True,Policy/Economy
1590493197.0,4,1,0,0.67,False,AskIndia
1590466045.0,0,5,0,0.78,False,Non-Political
1590470709.0,0,3,0,0.8,False,Coronavirus
1590343094.0,269,2189,2,0.92,True,Coronavirus
1590422639.0,4,39,0,0.93,True,Politics
1590428775.0,7,25,0,0.86,False,Non-Political
1590411487.0,19,61,0,0.88,True,Politics
1590458633.0,4,7,0,0.82,True,Non-Political
1590527938.0,3,0,0,0.23,False,Non-Political
1590424636.0,2,28,0,0.93,False,Coronavirus
1590427537.0,1,23,0,0.94,False,Coronavirus
1590381225.0,19,238,0,0.93,True,CAA-NRC-NPR
1590473737.0,1,1,0,0.56,False,AskIndia
1590428519.0,3,23,0,0.92,False,Coronavirus
1590426545.0,8,22,0,0.97,False,Coronavirus
1590408906.0,19,56,0,0.89,False,Coronavirus
1590486485.0,3,0,0,0.5,False,AskIndia
1590440686.0,2,10,0,0.86,False,Coronavirus
1590410223.0,16,50,0,0.95,True,Politics
1590485089.0,3,0,0,0.5,False,Politics
1590485042.0,9,0,0,0.5,True,AskIndia
1590470736.0,0,2,0,1.0,False,Non-Political
1590515576.0,5,0,0,0.31,False,Non-Political
1590397067.0,12,82,0,0.87,True,Politics
1590378543.0,32,225,0,0.95,True,Politics
1590391089.0,18,122,0,0.96,True,Policy/Economy
1590456352.0,24,3,0,0.64,True,AskIndia
1590445225.0,2,8,0,0.68,False,AskIndia
1590400183.0,6,71,0,0.83,False,Non-Political
1590428424.0,1,18,0,0.82,True,Politics
1590461092.0,6,4,0,0.75,False,AskIndia
1590455334.0,7,3,0,0.81,True,AskIndia
1590415406.0,13,30,0,0.93,True,Politics
1590429921.0,1,14,0,0.9,False,Coronavirus
1590481312.0,1,1,0,0.67,False,AskIndia
1590423503.0,31,19,0,0.82,True,AskIndia
1590479894.0,11,1,0,0.55,True,AskIndia
1590438842.0,6,8,0,0.79,False,AskIndia
1590465788.0,10,0,0,0.5,False,AskIndia
1590392094.0,31,89,0,0.97,True,Coronavirus
1590376543.0,4,189,0,0.99,False,Sports
1590390331.0,4,89,0,0.97,False,Coronavirus
1590413215.0,33,26,0,0.71,False,Non-Political
1590379153.0,33,149,0,0.97,True,Politics
1590374357.0,69,185,0,0.91,True,Coronavirus
1590392774.0,5,68,0,0.92,False,Coronavirus
1590417464.0,13,21,0,0.92,False,AskIndia
1590373042.0,5,183,0,0.9,False,CAA-NRC-NPR
1590396807.0,24,54,0,0.94,False,Non-Political
1590375549.0,7,161,0,0.91,True,Politics
1590385860.0,15,96,0,0.92,False,Coronavirus
1590428505.0,1,10,0,0.92,False,Policy/Economy
1590401610.0,1,37,0,0.86,False,Politics
1590472024.0,5,1,0,0.6,False,AskIndia
1590471986.0,22,0,0,0.5,False,AskIndia
1590384895.0,4,88,0,0.97,True,Non-Political
1590410264.0,3,26,0,0.87,True,Politics
1590416154.0,1,17,0,0.91,False,Non-Political
1590426501.0,1,13,0,0.93,False,Non-Political
1590470948.0,3,1,0,0.67,False,AskIndia
1590384962.0,4,85,0,0.93,False,Politics
1590470773.0,0,1,0,0.67,False,Politics
1590425067.0,0,11,0,1.0,True,Policy/Economy
1590469186.0,7,4,0,0.83,True,Politics
1590403190.0,21,32,0,0.9,True,Politics
1590482411.0,63,0,0,0.48,False,Non-Political
1590395293.0,4,47,0,0.91,False,Coronavirus
1590392301.0,9,51,0,0.98,False,Coronavirus
1590467378.0,20,1,0,0.57,False,AskIndia
1590390350.0,10,53,0,0.88,True,Politics
1590423982.0,9,8,0,0.79,False,Non-Political
1590348132.0,67,436,2,0.98,True,Non-Political
1590435185.0,0,6,0,0.87,False,Science/Technology
1590395380.0,5,38,0,0.88,False,Politics
1590375726.0,40,104,0,0.88,True,Politics
1590466160.0,1,0,0,0.45,False,Non-Political
1590465174.0,2,1,0,0.56,False,Coronavirus
1590380100.0,15,77,0,0.78,True,Politics
1590464722.0,1,1,0,0.67,False,Scheduled
1590421396.0,0,9,0,0.91,False,Non-Political
1590345699.0,78,438,1,0.9,False,Coronavirus
1590422954.0,9,10,0,0.92,False,AskIndia
1590394119.0,3,33,0,0.94,False,Coronavirus
1590426956.0,2,6,0,0.87,False,Politics
1590421165.0,3,8,0,0.91,True,Coronavirus
1590426724.0,11,5,0,0.78,False,AskIndia
1590423171.0,10,8,0,0.83,True,Policy/Economy
1590461081.0,2,0,0,0.5,True,Politics
1590416052.0,4,10,0,0.75,False,AskIndia
1590393142.0,2,33,0,0.93,False,Coronavirus
1590421716.0,1,9,0,0.92,False,Non-Political
1590414547.0,16,10,0,0.75,True,Non-Political
1590408904.0,4,16,0,0.91,True,Coronavirus
1590423529.0,1,7,0,1.0,False,AskIndia
1590412814.0,5,10,0,0.67,False,Politics
1590388892.0,1,36,0,0.94,False,Non-Political
1590330146.0,151,678,0,0.84,True,Politics
1590330688.0,38,588,0,0.89,True,Scheduled
1590454762.0,0,1,0,0.6,False,Coronavirus
1590381958.0,4,43,0,0.98,False,Coronavirus
1590415822.0,2,8,0,0.78,True,Politics
1590400573.0,8,17,0,0.91,False,Coronavirus
1590392912.0,4,25,0,0.89,False,Coronavirus
1590426088.0,0,2,0,0.67,False,Coronavirus
1590404443.0,4,13,0,0.93,False,AskIndia
1590421521.0,3,6,0,1.0,False,Scheduled
1590405442.0,0,10,0,0.82,False,Politics
1590424646.0,12,4,0,0.65,False,Non-Political
1590334675.0,36,399,0,0.97,False,Non-Political
1590394808.0,2,19,0,0.93,False,Coronavirus
1590419306.0,4,4,0,0.84,False,Coronavirus
1590463901.0,4,0,0,0.33,False,Food
1590428482.0,0,4,0,0.75,False,Policy/Economy
1590428461.0,0,1,0,0.57,False,Coronavirus
1590428224.0,1,4,0,0.84,False,Non-Political
1590422160.0,17,5,0,0.78,False,Non-Political
1590391528.0,0,22,0,0.96,False,Coronavirus
1590421912.0,0,4,0,0.84,False,Coronavirus
1590435233.0,1,2,0,1.0,False,Food
1590387147.0,1,21,0,0.81,True,Politics
1590403396.0,3,11,0,0.76,False,AskIndia
1590426793.0,7,2,0,0.59,False,Coronavirus
1590316783.0,61,831,0,0.93,False,Politics
1590399293.0,1,12,0,0.94,False,Coronavirus
1590409218.0,6,8,0,1.0,True,Coronavirus
1590342154.0,129,222,0,0.98,False,Non-Political
1590404039.0,3,11,0,0.76,False,Coronavirus
1590446910.0,6,2,0,0.67,False,Non-Political
1590392560.0,7,19,0,1.0,False,Coronavirus
1590342895.0,86,200,0,0.93,True,Politics
1590388702.0,11,19,0,0.91,False,Science/Technology
1590395676.0,1,15,0,0.85,False,Policy/Economy
1590418656.0,0,4,0,0.75,False,Non-Political
1590375069.0,3,39,0,0.82,True,Politics
1590401727.0,6,11,0,0.86,True,Politics
1590318896.0,23,604,0,0.93,False,Politics
1590319969.0,85,552,0,0.93,True,Politics
1590407772.0,2,8,0,0.83,False,AskIndia
1590379580.0,15,26,0,0.91,False,Non-Political
1590334607.0,13,248,1,0.94,True,CAA-NRC-NPR
1590288277.0,78,3061,1,0.98,True,Photography
1590396308.0,37,10,0,0.71,True,Non-Political
1590384687.0,11,18,0,0.85,False,Coronavirus
1590392513.0,1,15,0,0.85,False,Non-Political
1590381476.0,7,25,0,0.89,True,Sports
1590385351.0,4,18,0,0.82,True,Politics
1590409049.0,1,5,0,0.78,False,AskIndia
1590391579.0,3,11,0,0.8,False,AskIndia
1590426231.0,14,2,0,0.67,True,AskIndia
1590418007.0,3,3,0,0.8,False,Non-Political
1590417841.0,12,4,0,0.83,True,AskIndia
1590398504.0,18,8,0,0.75,False,AskIndia
1590411155.0,1,6,0,0.88,True,Politics
1590394691.0,14,10,0,0.86,False,Non-Political
1590423863.0,2,3,0,1.0,False,Non-Political
1590384019.0,48,16,0,0.83,False,AskIndia
1590372275.0,1,29,0,0.95,False,Coronavirus
1590382382.0,14,19,0,0.83,False,AskIndia
1590342320.0,39,123,0,0.88,True,Politics
1590456609.0,7,0,0,0.17,False,Scheduled
1590407750.0,1,5,0,0.73,False,Non-Political
1590393799.0,1,8,0,0.9,False,Non-Political
1590412785.0,1,4,0,0.7,False,Non-Political
1590379623.0,3,15,0,0.9,False,Non-Political
1590433458.0,8,0,0,0.5,False,Non-Political
1590473993.0,5,0,0,0.17,True,AskIndia
1590366869.0,2,27,0,0.84,False,Politics
1590308026.0,117,603,0,0.93,True,Politics
1590363438.0,1,33,0,0.94,False,Coronavirus
1590394064.0,0,8,0,1.0,False,Non-Political
1590396675.0,8,7,0,0.77,True,Non-Political
1590393453.0,1,7,0,0.89,False,Coronavirus
1590429079.0,1,2,0,0.66,False,Coronavirus
1590313583.0,54,371,0,0.84,True,Politics
1590344162.0,37,79,0,0.91,True,Policy/Economy
1590331943.0,16,140,0,0.97,False,Non-Political
1590330671.0,26,152,0,0.94,True,Non-Political
1590358727.0,1,39,0,0.88,False,Politics
1590394279.0,2,7,0,0.81,True,Coronavirus
1590393965.0,1,7,0,1.0,False,Coronavirus
1590374943.0,4,16,0,0.81,True,Coronavirus
1590381792.0,10,9,0,0.85,False,Policy/Economy
1590383948.0,7,7,0,0.82,False,Non-Political
1590367753.0,1,18,0,1.0,False,Coronavirus
1590424216.0,2,1,0,0.6,False,Business/Finance
1590389137.0,3,5,0,0.78,False,AskIndia
1590311790.0,132,308,0,0.78,True,Non-Political
1590292874.0,52,808,0,0.9,False,Food
1590422888.0,8,0,0,0.46,True,Coronavirus
1590331618.0,51,106,0,0.83,True,Non-Political
1590391227.0,1,6,0,0.87,False,AskIndia
1590422591.0,0,0,0,0.5,False,Photography
1590301924.0,28,480,0,0.96,True,Non-Political
1590384291.0,1,7,0,0.82,False,Politics
1590408764.0,0,2,0,1.0,False,Coronavirus
1590400694.0,4,3,0,0.8,False,AskIndia
1590341953.0,1,65,0,0.85,False,Non-Political
1590333812.0,4,82,0,0.85,False,Politics
1590393196.0,2,4,0,0.75,True,AskIndia
1590420261.0,0,0,0,0.5,False,Coronavirus
1590339988.0,2,62,0,0.95,False,Coronavirus
1590387560.0,2,5,0,0.78,False,AskIndia
1590383780.0,1,7,0,0.89,False,Scheduled
1590418738.0,6,0,0,0.44,False,Politics
1590378002.0,1,8,0,0.91,False,Coronavirus
1590344997.0,1,43,0,0.88,False,Non-Political
1590396184.0,3,3,0,1.0,False,AskIndia
1590385997.0,0,5,0,0.78,False,Politics
1590311406.0,43,205,0,0.96,False,Coronavirus
1590321205.0,49,125,0,0.93,True,Non-Political
1590341301.0,13,45,0,0.9,False,Non-Political
1590387240.0,1,5,0,1.0,False,Science/Technology
1590339061.0,13,45,0,0.84,True,Coronavirus
1590413847.0,0,0,0,0.5,False,Policy/Economy
1590344112.0,26,41,0,0.9,True,Policy/Economy
1590323356.0,10,94,0,0.95,True,Non-Political
1590329057.0,24,63,0,0.94,False,Non-Political
1590291248.0,20,439,0,0.99,False,Coronavirus
1590345830.0,10,27,0,0.92,True,Business/Finance
1590340358.0,3,37,0,0.9,False,Non-Political
1590394852.0,4,2,0,0.63,False,Non-Political
1590376933.0,7,5,0,1.0,False,AskIndia
1590344327.0,2,26,0,0.92,False,Business/Finance
1590296966.0,73,289,0,0.97,True,Science/Technology
1590327024.0,2,62,0,0.94,True,Non-Political
1590407015.0,4,0,0,0.4,False,Science/Technology
1590406016.0,0,1,0,0.67,False,AskIndia
1590343082.0,0,26,0,0.9,False,Coronavirus
1590367603.0,0,7,0,1.0,False,Coronavirus
1590405510.0,1,0,0,0.33,False,Coronavirus
1590291276.0,14,352,0,0.97,False,Politics
1590306126.0,15,161,0,0.94,True,Non-Political
1590288119.0,102,403,0,0.98,True,Non-Political
1590323076.0,33,61,0,0.9,False,AskIndia
1590328106.0,8,50,0,0.87,False,Politics
1590324385.0,3,63,0,0.94,False,Coronavirus
1590376124.0,1,3,0,0.59,False,Politics
1590376025.0,0,4,0,1.0,False,Non-Political
1590338009.0,9,29,0,0.83,False,Politics
1590347114.0,7,18,0,0.91,False,Politics
1590379814.0,0,3,0,1.0,False,Coronavirus
1590387066.0,10,2,0,0.63,False,AskIndia
1590344597.0,10,18,0,0.96,False,Coronavirus
1590343412.0,5,19,0,0.91,False,Non-Political
1590337631.0,7,25,0,0.86,True,Politics
1590301221.0,26,155,0,0.84,True,Politics
1590296456.0,45,191,0,0.93,True,Politics
1590419353.0,1,0,0,0.29,False,Politics
1590314693.0,11,74,0,0.87,True,Politics
1590375919.0,0,4,0,0.83,False,Non-Political
1590316323.0,47,64,0,0.93,False,AskIndia
1590346491.0,4,13,0,0.79,False,Coronavirus
1590374549.0,4,3,0,1.0,False,AskIndia
1590312550.0,6,72,0,0.95,True,Coronavirus
1590364095.0,0,7,0,1.0,False,Non-Political
1590324410.0,7,40,0,0.76,True,Politics
1590293597.0,23,178,0,0.96,False,Food
1590286624.0,16,261,0,0.94,True,Coronavirus
1590297817.0,31,145,0,0.96,False,Coronavirus
1590333061.0,6,23,0,0.9,False,AskIndia
1590334832.0,1,21,0,1.0,False,Non-Political
1590346235.0,7,13,0,1.0,False,Coronavirus
1590347021.0,0,10,0,0.92,False,Coronavirus
1590328868.0,2,25,0,1.0,False,Non-Political
1590391662.0,0,1,0,0.6,False,Politics
1590312050.0,4,62,0,0.84,True,Non-Political
1590390539.0,5,0,0,0.46,True,Politics
1590327970.0,25,24,0,0.83,True,Non-Political
1590402899.0,8,0,0,0.42,False,Coronavirus
1590367866.0,0,3,0,1.0,False,Non-Political
1590291394.0,79,150,0,0.9,True,AskIndia
1590389175.0,2,0,0,0.5,False,AskIndia
1590287280.0,33,184,0,0.92,True,Politics
1590296359.0,6,117,0,0.94,True,Non-Political
1590389020.0,3,1,0,1.0,True,Politics
1590307203.0,14,58,0,0.95,False,Coronavirus
1590347785.0,6,7,0,0.9,False,AskIndia
1590406779.0,12,0,0,0.4,False,Science/Technology
1590244354.0,362,1421,0,0.85,True,Coronavirus
1590284854.0,25,171,0,0.91,True,Photography
1590340877.0,3,11,0,1.0,False,Science/Technology
1590330763.0,3,15,0,0.79,False,Coronavirus
1590334961.0,1,10,0,0.82,False,Non-Political
1590338304.0,11,11,0,0.82,True,Politics
1590306737.0,16,53,0,0.83,True,Politics
1590340011.0,27,8,0,0.8,False,Coronavirus
1590323141.0,1,24,0,0.93,False,Coronavirus
1590233883.0,137,2129,2,0.99,True,Non-Political
1590289971.0,3,115,0,0.98,False,Coronavirus
1590290834.0,19,111,0,0.95,False,Politics
1590294155.0,37,95,0,0.98,True,Policy/Economy
1590317675.0,2,27,0,0.95,False,Non-Political
1590367839.0,4,2,0,0.67,False,Coronavirus
1590278605.0,11,175,0,0.98,False,Coronavirus
1590295213.0,32,73,0,0.91,True,AskIndia
1590378303.0,20,1,0,0.67,False,Scheduled
1590364424.0,2,2,0,0.67,False,AskIndia
1590328730.0,16,12,0,1.0,False,Non-Political
1590304939.0,2,42,0,0.94,False,Coronavirus
1590310621.0,12,27,0,0.92,False,AskIndia
1590314549.0,19,21,0,0.97,False,AskIndia
1590335980.0,0,6,0,0.81,False,Politics
1590336996.0,4,6,0,0.8,False,Coronavirus
1590331292.0,0,8,0,1.0,False,Coronavirus
1590370205.0,0,0,0,0.5,False,Scheduled
1590307795.0,15,26,0,1.0,False,Coronavirus
1590302724.0,26,29,0,0.72,True,AskIndia
1590342721.0,1,4,0,0.6,False,Non-Political
1590307695.0,17,24,0,0.91,True,AskIndia
1590276123.0,4,117,0,0.89,True,Non-Political
1590307487.0,11,24,0,0.88,False,Non-Political
1590333673.0,8,5,0,0.7,False,AskIndia
1590305524.0,6,23,0,0.79,True,Politics
1590283927.0,4,75,0,0.94,False,Non-Political
1590281684.0,40,85,0,0.75,True,Non-Political
1590303703.0,83,24,0,0.67,True,Politics
1590353741.0,5,2,0,0.67,False,AskIndia
1590327230.0,1,5,0,0.64,True,Non-Political
1590325292.0,0,7,0,0.9,False,AskIndia
1590376809.0,2,0,0,0.44,True,Non-Political
1590286806.0,0,46,0,0.92,False,Coronavirus
1590249844.0,23,297,0,0.96,True,Coronavirus
1590410615.0,2,0,0,0.23,False,Non-Political
1590280630.0,32,58,0,0.89,False,Business/Finance
1590241849.0,17,418,0,0.97,False,Non-Political
1590319073.0,0,7,0,0.69,True,Non-Political
1590332494.0,7,3,0,0.67,False,AskIndia
1590300587.0,12,22,0,0.9,False,AskIndia
1590303232.0,1,15,0,0.84,True,Politics
1590379814.0,2,0,0,0.2,False,Non-Political
1590298390.0,4,21,0,0.96,True,Business/Finance
1590335108.0,8,3,0,1.0,False,Scheduled
1590318458.0,5,7,0,1.0,False,AskIndia
1590342642.0,1,3,0,0.71,False,AskIndia
1590324415.0,13,6,0,0.8,False,AskIndia
1590323681.0,11,4,0,0.67,True,AskIndia
1590333018.0,11,2,0,0.67,False,AskIndia
1583114565.0,8,25,0,0.97,False,AskIndia
1589840762.0,2342,167,0,0.98,True,Coronavirus
1590563381.0,1,43,0,0.9,False,Policy/Economy
1590560246.0,115,3094,0,0.97,True,Non-Political
1590543976.0,152,1463,0,0.9,True,Coronavirus
1590552614.0,93,698,1,0.94,False,AskIndia
1590566845.0,46,250,0,0.97,False,Coronavirus
1590557403.0,76,357,0,0.96,False,Politics
1590576220.0,15,133,0,0.98,False,Non-Political
1590567583.0,82,198,0,0.94,False,Non-Political
1590574101.0,21,140,0,0.96,True,Non-Political
1590577838.0,11,97,0,1.0,False,Coronavirus
1590582681.0,11,75,0,0.89,True,Politics
1590576801.0,7,91,0,0.96,True,Non-Political
1590577192.0,38,89,0,0.9,False,Coronavirus
1590593857.0,2,37,0,0.95,True,Politics
1590577060.0,9,83,0,0.9,True,Politics
1590574295.0,11,95,0,0.95,True,Non-Political
1590551598.0,120,241,0,0.86,False,Politics
1590584603.0,6,44,0,0.92,True,Politics
1590550998.0,82,229,0,0.84,False,Politics
1590571937.0,4,79,0,0.97,False,Coronavirus
1590588727.0,3,32,0,0.92,False,Coronavirus
1590563898.0,12,117,0,0.88,True,Policy/Economy
1590567398.0,13,98,0,0.98,False,Non-Political
1590566232.0,7,95,0,0.95,True,Coronavirus
1590559881.0,3,116,0,0.94,False,Coronavirus
1590584017.0,2,33,0,0.96,True,Coronavirus
1590570054.0,27,66,0,0.93,False,Coronavirus
1590580460.0,49,37,0,0.83,True,AskIndia
1590592592.0,1,20,0,1.0,False,Coronavirus
1590576693.0,1,42,0,0.96,False,Politics
1590586244.0,8,26,0,0.96,False,Politics
1590563845.0,27,81,0,0.95,False,Coronavirus
1590566003.0,1,70,0,0.81,True,Politics
1590593628.0,0,16,0,0.87,False,Policy/Economy
1590579796.0,1,31,0,0.93,False,Non-Political
1590570055.0,1,50,0,0.93,False,Coronavirus
1590569971.0,9,51,0,0.87,True,Politics
1590557420.0,15,97,0,0.95,False,Politics
1590566686.0,2,61,0,0.9,True,Coronavirus
1590573309.0,22,43,0,0.96,False,AskIndia
1590587740.0,7,19,0,0.83,False,Food
1590555317.0,13,98,0,0.95,True,Non-Political
1590587127.0,2,18,0,0.83,True,Politics
1590576601.0,4,32,0,0.95,False,Coronavirus
1590579711.0,2,28,0,0.86,False,Non-Political
1590552026.0,66,108,0,0.83,False,AskIndia
1590572313.0,7,35,0,0.83,False,Coronavirus
1590551445.0,15,99,0,0.96,False,Non-Political
1590567933.0,6,42,0,0.97,False,AskIndia
1590556799.0,18,75,0,0.84,False,Politics
1590586873.0,2,16,0,0.99,False,Non-Political
1590579012.0,6,22,0,1.0,False,Non-Political
1590584792.0,2,15,0,0.82,False,Coronavirus
1590575168.0,1,29,0,1.0,True,Coronavirus
1590593553.0,2,12,0,0.87,False,Politics
1590593312.0,5,9,0,0.85,False,Photography
1590551052.0,81,86,0,0.85,False,Politics
1590596770.0,1,8,0,1.0,False,Politics
1590548297.0,13,98,0,0.95,False,Politics
1590580584.0,1,18,0,0.88,False,Non-Political
1590588292.0,14,13,0,0.76,True,Science/Technology
1590576224.0,7,26,0,0.88,False,Non-Political
1590593673.0,3,9,0,1.0,True,Politics
1590569942.0,4,33,0,0.91,True,Politics
1590591290.0,6,11,0,1.0,False,AskIndia
1590513909.0,72,516,0,0.95,False,Politics
1590565221.0,2,35,0,0.94,False,Non-Political
1590579675.0,2,18,0,0.95,False,Coronavirus
1590569666.0,3,27,0,0.93,False,Coronavirus
1590596419.0,2,7,0,1.0,False,Science/Technology
1590583900.0,0,13,0,0.76,True,Politics
1590548564.0,27,78,0,0.95,False,Politics
1590582422.0,18,13,0,0.79,False,Coronavirus
1590582245.0,0,14,0,1.0,False,Photography
1590566466.0,1,34,0,0.85,False,Politics
1590590892.0,6,7,0,0.9,True,AskIndia
1590595752.0,6,6,0,0.88,True,Politics
1590580453.0,10,13,0,1.0,True,AskIndia
1590554463.0,18,50,0,0.8,False,AskIndia
1590575002.0,3,16,0,0.82,False,AskIndia
1590575241.0,0,18,0,0.88,False,Politics
1590579091.0,1,12,0,0.94,False,Non-Political
1590571545.0,1,20,0,0.96,True,Non-Political
1590574334.0,1,17,0,1.0,False,Non-Political
1590516480.0,54,320,0,0.95,True,Politics
1590589906.0,1,7,0,1.0,False,AskIndia
1590596441.0,1,5,0,1.0,False,Policy/Economy
1590539400.0,2,87,0,0.93,True,Non-Political
1590515011.0,34,301,0,0.98,False,AskIndia
1590579522.0,1,10,0,0.86,False,Coronavirus
1590594318.0,11,5,0,1.0,False,Scheduled
1590580720.0,3,10,0,0.92,False,AskIndia
1590598260.0,0,4,0,1.0,False,Science/Technology
1590586962.0,1,7,0,0.82,False,AskIndia
1590593280.0,1,6,0,1.0,False,Coronavirus
1590570315.0,6,18,0,0.84,True,Non-Political
1590578719.0,1,12,0,0.93,False,Non-Political
1590576563.0,0,11,0,0.87,False,Politics
1590509246.0,77,339,0,0.97,True,Coronavirus
1590577434.0,1,10,0,0.86,False,Non-Political
1590581674.0,1,8,0,0.9,False,Non-Political
1590558277.0,6,27,0,0.74,False,Politics
1590562098.0,2,21,0,0.9,False,Non-Political
1590599958.0,1,4,0,1.0,True,Politics
1590593687.0,10,4,0,0.75,False,Coronavirus
1590599123.0,1,3,0,1.0,False,Coronavirus
1590588271.0,0,5,0,0.86,False,Politics
1590574653.0,0,11,0,1.0,False,Coronavirus
1590487612.0,40,871,2,0.98,False,Coronavirus
1590592134.0,1,4,0,0.83,False,Non-Political
1590586376.0,1,5,0,1.0,False,AskIndia
1590532243.0,2,71,0,0.95,False,Non-Political
1590583086.0,6,5,0,0.86,False,AskIndia
1590564221.0,3,13,0,0.88,False,AskIndia
1590501779.0,120,316,0,0.97,True,Science/Technology
1590600455.0,7,2,0,1.0,False,AskIndia
1590548827.0,8,26,0,0.89,True,Coronavirus
1590598598.0,4,2,0,0.75,False,AskIndia
1590513079.0,23,160,0,0.95,True,Non-Political
1590580157.0,6,4,0,0.84,False,Non-Political
1590558920.0,1,13,0,0.79,False,Coronavirus
1590596826.0,2,2,0,0.67,False,Non-Political
1590505699.0,15,206,0,0.97,False,Science/Technology
1590460511.0,314,2171,0,0.96,True,Non-Political
1590512369.0,13,141,0,0.95,True,Coronavirus
1590503872.0,77,215,1,0.88,True,Coronavirus
1590567384.0,13,8,0,0.9,False,AskIndia
1590486943.0,124,475,0,0.97,False,Non-Political
1590563380.0,4,9,0,0.85,False,AskIndia
1590489033.0,104,411,0,0.85,True,Politics
1590558741.0,0,11,0,0.87,False,Politics
1590506638.0,30,165,0,0.99,False,Coronavirus
1590583641.0,9,4,0,0.75,False,AskIndia
1590506097.0,5,148,0,0.95,True,Politics
1590538542.0,1,28,0,0.97,False,Coronavirus
1590562198.0,1,9,0,0.8,False,Non-Political
1590561596.0,4,8,0,0.83,False,Policy/Economy
1590567201.0,0,7,0,1.0,False,AskIndia
1590553249.0,2,13,0,0.88,False,Policy/Economy
1590588121.0,10,2,0,1.0,False,AskIndia
1590574404.0,0,4,0,0.84,False,Non-Political
1590601441.0,0,1,0,1.0,False,Coronavirus
1590600485.0,0,1,0,1.0,False,Non-Political
1590578589.0,0,4,0,0.67,False,AskIndia
1590599794.0,2,1,0,1.0,False,Coronavirus
1590599698.0,14,0,0,0.5,True,AskIndia
1590599545.0,0,1,0,1.0,False,Policy/Economy
1590572340.0,5,5,0,0.73,False,Coronavirus
1590513911.0,14,78,0,0.97,True,Policy/Economy
1590598793.0,0,1,0,1.0,False,AskIndia
1590598214.0,0,1,0,0.67,False,Politics
1590557223.0,0,8,0,0.71,False,Business/Finance
1590518334.0,7,61,0,0.97,False,Coronavirus
1590565714.0,0,6,0,0.8,False,Coronavirus
1590516132.0,14,61,0,0.93,False,Non-Political
1590574380.0,0,4,0,0.83,False,Science/Technology
1590505992.0,12,102,0,0.97,True,Business/Finance
1590594597.0,0,1,0,0.67,False,Politics
1590553677.0,2,9,0,0.91,False,AskIndia
1590523917.0,15,36,0,0.86,True,Coronavirus
1590593946.0,1,0,0,0.33,False,Politics
1590593821.0,0,0,0,0.5,False,Non-Political
1590572342.0,3,4,0,0.83,False,Coronavirus
1590505239.0,1,95,0,0.96,False,Coronavirus
1590485055.0,49,258,0,0.95,False,Business/Finance
1590492744.0,81,165,0,0.93,True,Politics
1590465251.0,37,655,0,0.99,False,Non-Political
1590569889.0,10,3,0,1.0,False,AskIndia
1590591317.0,0,0,0,0.5,False,Politics
1590473283.0,65,419,0,0.97,True,Coronavirus
1590548753.0,6,10,0,0.92,False,Policy/Economy
1590477184.0,20,304,0,0.89,False,Food
1590507627.0,9,66,0,0.9,True,Policy/Economy
1590515838.0,0,46,0,0.94,False,Non-Political
1590507899.0,2,58,0,0.95,False,Politics
1590496514.0,56,103,0,0.76,True,Non-Political
1590468077.0,342,451,0,0.88,True,AskIndia
1590497580.0,21,96,0,0.91,False,Politics
1590525046.0,3,21,0,0.87,True,Politics
1590505838.0,6,60,0,0.94,True,Politics
1590484067.0,43,182,0,0.97,True,Non-Political
1590470987.0,73,357,0,0.91,True,Non-Political
1590563445.0,5,2,0,0.63,False,Non-Political
1590487196.0,17,144,0,0.94,True,Politics
1590512949.0,1,39,0,0.99,True,Politics
1590518365.0,0,30,0,0.91,False,Non-Political
1590504119.0,0,58,0,0.91,False,Coronavirus
1590493177.0,33,102,0,0.92,False,Politics
1590523162.0,15,23,0,0.82,False,AskIndia
1590511456.0,12,39,0,0.86,True,AskIndia
1590502113.0,13,58,0,0.91,True,Coronavirus
1590508544.0,2,41,0,0.85,False,CAA-NRC-NPR
1590490910.0,31,106,0,0.96,False,Politics
1590508724.0,2,39,0,0.91,False,Politics
1590580461.0,1,1,0,1.0,False,AskIndia
1590493617.0,6,84,0,0.92,True,Politics
1590566083.0,0,2,0,0.75,False,AskIndia
1590578947.0,0,1,0,0.6,False,Coronavirus
1590492145.0,14,87,0,0.93,False,Politics
1590555737.0,13,4,0,0.7,False,AskIndia
1590549902.0,2,2,0,0.63,True,Policy/Economy
1590549658.0,1,8,0,0.89,False,Policy/Economy
1590522479.0,3,14,0,0.94,False,Politics
1590561096.0,3,2,0,0.62,False,Politics
1590503023.0,2,41,0,0.91,False,Coronavirus
1590472688.0,32,190,0,0.98,False,Business/Finance
1590466929.0,39,253,0,0.9,False,Politics
1590574464.0,1,0,0,0.5,False,Politics
1590560907.0,0,3,0,0.67,False,Non-Political
1590560360.0,8,1,0,0.56,True,Non-Political
1590514815.0,18,20,0,0.72,False,Non-Political
1590494630.0,44,56,0,0.8,True,Politics
1590522792.0,2,13,0,0.85,True,Coronavirus
1590499474.0,4,46,0,0.95,False,Non-Political
1590520669.0,6,15,0,0.83,True,Coronavirus
1590523253.0,11,14,0,0.89,False,Coronavirus
1590490984.0,8,64,0,0.86,False,Politics
1590497494.0,8,43,0,0.91,False,Non-Political
1590549469.0,0,4,0,0.83,False,Coronavirus
1590492580.0,8,54,0,0.91,False,Non-Political
1590466171.0,37,220,1,0.87,True,Coronavirus
1590502819.0,2,34,0,0.76,False,Coronavirus
1590485424.0,4,80,0,0.93,False,Coronavirus
1590543008.0,2,3,0,0.72,False,Scheduled
1590474121.0,12,138,0,0.96,True,Coronavirus
1590508823.0,10,24,0,0.78,False,Policy/Economy
1590471829.0,20,149,0,0.87,True,Politics
1590504675.0,2,26,0,0.96,False,Coronavirus
1590508472.0,6,22,0,0.93,True,Non-Political
1590546069.0,5,6,0,0.71,False,Non-Political
1590532359.0,2,6,0,0.88,False,Politics
1590467750.0,5,168,0,0.88,False,CAA-NRC-NPR
1590593112.0,25,0,0,0.35,False,AskIndia
1590517421.0,3,12,0,0.99,False,Policy/Economy
1590462512.0,13,199,0,0.98,True,Non-Political
1590513764.0,4,14,0,0.83,False,Politics
1590487917.0,5,59,0,0.93,False,Politics
1590486543.0,16,56,0,0.92,True,Politics
1590532927.0,0,5,0,0.73,True,Non-Political
1590507459.0,5,17,0,0.88,False,Science/Technology
1590488585.0,4,49,0,0.94,False,Business/Finance
1590455894.0,35,250,0,0.93,True,Policy/Economy
1590563044.0,6,1,0,0.57,False,Non-Political
1590562328.0,14,0,0,0.5,True,Politics
1590501581.0,2,22,0,0.97,False,Non-Political
1590522588.0,0,5,0,0.73,True,Coronavirus
1590494215.0,3,29,0,0.93,True,Coronavirus
1590418727.0,112,1480,0,0.84,False,Non-Political
1590538376.0,3,3,0,0.67,False,AskIndia
1590532153.0,1,2,0,0.63,False,Coronavirus
1590502012.0,6,19,0,0.85,False,AskIndia
1590557615.0,5,1,0,0.67,False,Science/Technology
1590543277.0,6,1,0,0.56,False,Coronavirus
1590465323.0,14,108,0,0.96,False,Politics
1590508705.0,20,11,0,0.64,True,AskIndia
1590500135.0,2,17,0,0.84,False,Politics
1590488201.0,2,31,0,0.98,False,Non-Political
1590491483.0,1,26,0,0.82,False,Coronavirus
1590476479.0,16,61,0,0.85,False,Politics
1590516880.0,4,6,0,0.8,False,Non-Political
1590466322.0,22,95,0,0.92,True,AskIndia
1590483773.0,1,40,0,0.87,False,Coronavirus
1590459857.0,36,131,0,0.92,False,Politics
1590554582.0,6,0,0,0.5,False,AskIndia
1590505502.0,4,11,0,0.87,False,Coronavirus
1590554012.0,0,0,0,0.5,False,Coronavirus
1590553694.0,1,1,0,0.54,False,Food
1590494144.0,3,21,0,1.0,True,Non-Political
1590501871.0,0,14,0,0.94,False,Coronavirus
1590553322.0,3,0,0,0.5,False,Politics
1590553042.0,9,1,0,0.67,False,Business/Finance
1590508001.0,11,13,0,0.84,False,Coronavirus
1590552402.0,14,0,0,0.5,False,AskIndia
1590459935.0,20,106,0,0.84,True,Non-Political
1590477369.0,2,48,0,0.93,False,Business/Finance
1590551102.0,2,0,0,0.5,False,Scheduled
1590550225.0,4,0,0,0.33,True,AskIndia
1590522716.0,2,5,0,0.85,False,Food
1590508960.0,12,8,0,0.63,True,Non-Political
1590510975.0,6,8,0,0.9,False,AskIndia
1590593539.0,7,0,0,0.17,False,AskIndia
1590548195.0,4,1,0,0.57,False,Coronavirus
1590512889.0,5,5,0,0.78,False,Science/Technology
1590511805.0,5,7,0,0.82,False,AskIndia
1590476002.0,5,40,0,0.84,False,Coronavirus
1590463578.0,14,71,0,0.85,False,Politics
1590497655.0,7,15,0,0.72,False,Coronavirus
1590488395.0,16,23,0,0.87,True,Politics
1590500739.0,1,11,0,0.82,False,Politics
1590502096.0,0,10,0,0.81,False,Non-Political
1590501011.0,10,10,0,0.75,False,Coronavirus
1590467447.0,3,47,0,0.85,False,Business/Finance
1590492037.0,1,15,0,0.82,False,Non-Political
1590497707.0,0,10,0,0.73,False,AskIndia
1590494069.0,12,13,0,0.66,True,Politics
1590500986.0,5,7,0,0.83,False,AskIndia
1590503239.0,5,7,0,0.73,False,Coronavirus
1590483299.0,22,19,0,0.95,True,AskIndia
1590502480.0,0,6,0,0.81,True,Non-Political
